{"name":"datasets","path":"/datasets","type":"standard","subType":"standard","category":"","elementKey":"design-jdautghcbqxb-communicationsminingapi","displayName":"Datasets","section":"","custom":"no","deleted":false,"metadata":{"method":{"GET":{"path":"/datasets","method":"GET","curated":{"name":"ListDatasets","displayName":"List Datasets","description":"List available pinned models"},"description":"Search for Datasets","operationId":"getDatasets","operation":"List","parameters":[]}}},"fields":{"datasets[*]._label_properties[*]":{"method":{"GET":{"response":true,"name":"GET"}},"displayName":"Datasets label properties","nativeType":"string","custom":"no","name":"datasets[*]._label_properties[*]","description":"The Datasets label properties","type":"string","sampleValue":"0000000000000002"},"datasets[*]._preferred_locales.default":{"method":{"GET":{"response":true,"name":"GET"}},"displayName":"Datasets preferred locales default","nativeType":"string","custom":"no","name":"datasets[*]._preferred_locales.default","description":"The Datasets preferred locales default","type":"string","sampleValue":"en_GB"},"datasets[*].last_modified":{"method":{"GET":{"response":true,"name":"GET"}},"displayName":"Datasets last modified","nativeType":"string","custom":"no","name":"datasets[*].last_modified","format":"date-time","description":"The Datasets last modified","type":"string","sampleValue":"2024-02-12T13:53:01.131000Z","mask":"yyyy-MM-dd'T'HH:mm:ss.SSSXXX"},"datasets[*].label_defs[*].name":{"method":{"GET":{"response":true,"name":"GET"}},"displayName":"Datasets label defs name","nativeType":"string","custom":"no","name":"datasets[*].label_defs[*].name","description":"The Datasets label defs name","type":"string","sampleValue":"Access Management"},"datasets[*].entity_defs[*].title":{"method":{"GET":{"response":true,"name":"GET"}},"displayName":"Datasets entity defs title","nativeType":"string","custom":"no","name":"datasets[*].entity_defs[*].title","description":"The Datasets entity defs title","type":"string","sampleValue":"Application Name"},"datasets[*].entity_defs[*].trainable":{"method":{"GET":{"response":true,"name":"GET"}},"displayName":"Datasets entity defs trainable","nativeType":"boolean","custom":"no","name":"datasets[*].entity_defs[*].trainable","description":"The Datasets entity defs trainable","type":"boolean","sampleValue":true},"datasets[*].label_groups[*].label_defs[*].name":{"method":{"GET":{"response":true,"name":"GET"}},"displayName":"Datasets label groups label defs name","nativeType":"string","custom":"no","name":"datasets[*].label_groups[*].label_defs[*].name","description":"The Datasets label groups label defs name","type":"string","sampleValue":"Access Management"},"datasets[*].label_groups[*].trainable":{"method":{"GET":{"response":true,"name":"GET"}},"displayName":"Datasets label groups trainable","nativeType":"boolean","custom":"no","name":"datasets[*].label_groups[*].trainable","description":"The Datasets label groups trainable","type":"boolean","sampleValue":true},"datasets[*].label_groups[*].name":{"method":{"GET":{"response":true,"name":"GET"}},"displayName":"Datasets label groups name","nativeType":"string","custom":"no","name":"datasets[*].label_groups[*].name","description":"The Datasets label groups name","type":"string","sampleValue":"default"},"datasets[*]._dataset_flags[*]":{"method":{"GET":{"response":true,"name":"GET"}},"displayName":"Datasets dataset flags","nativeType":"string","custom":"no","name":"datasets[*]._dataset_flags[*]","description":"The Datasets dataset flags","type":"string","sampleValue":"qos"},"datasets[*].model_family":{"method":{"GET":{"response":true,"name":"GET"}},"displayName":"Datasets model family","nativeType":"string","custom":"no","name":"datasets[*].model_family","description":"The Datasets model family","type":"string","sampleValue":"transformer-english"},"datasets[*].id":{"method":{"GET":{"response":true,"name":"GET"}},"displayName":"Datasets ID","nativeType":"string","custom":"no","name":"datasets[*].id","description":"The Datasets ID","type":"string","sampleValue":"fca03d4d2c3100d0"},"datasets[*].general_fields[*].api_name":{"method":{"GET":{"response":true,"name":"GET"}},"displayName":"Datasets general fields api name","nativeType":"string","custom":"no","name":"datasets[*].general_fields[*].api_name","description":"The Datasets general fields api name","type":"string","sampleValue":"error-message"},"datasets[*].owner":{"method":{"GET":{"response":true,"name":"GET","responseCurated":true}},"displayName":"Datasets owner","nativeType":"string","custom":"no","name":"datasets[*].owner","description":"The Datasets owner","type":"string","sampleValue":"DefaultProject"},"datasets[*].description":{"method":{"GET":{"response":true,"name":"GET"}},"displayName":"Datasets description","nativeType":"string","custom":"no","name":"datasets[*].description","description":"The Datasets description","type":"string","sampleValue":"This is a generated demo dataset that mirrors a typical mailbox for service or help desk tickets. This team typically deals with high volumes of tickets for various requests from technical issues to admin tasks."},"datasets[*].created":{"method":{"GET":{"response":true,"name":"GET"}},"displayName":"Datasets created","nativeType":"string","custom":"no","name":"datasets[*].created","format":"date-time","description":"The Datasets created","type":"string","sampleValue":"2023-03-22T18:05:49.255000Z","mask":"yyyy-MM-dd'T'HH:mm:ss.SSSXXX"},"datasets[*].name":{"method":{"GET":{"response":true,"name":"GET","responseCurated":true}},"displayName":"Datasets name","nativeType":"string","custom":"no","name":"datasets[*].name","description":"The Datasets name","type":"string","sampleValue":"IT-helpdesk-small"},"datasets[*].general_fields[*].title":{"method":{"GET":{"response":true,"name":"GET"}},"displayName":"Datasets general fields title","nativeType":"string","custom":"no","name":"datasets[*].general_fields[*].title","description":"The Datasets general fields title","type":"string","sampleValue":"Error Message"},"datasets[*].label_groups[*].hidden":{"method":{"GET":{"response":true,"name":"GET"}},"displayName":"Datasets label groups hidden","nativeType":"boolean","custom":"no","name":"datasets[*].label_groups[*].hidden","description":"The Datasets label groups hidden","type":"boolean","sampleValue":false},"datasets[*].entity_defs[*].id":{"method":{"GET":{"response":true,"name":"GET"}},"displayName":"Datasets entity defs ID","nativeType":"string","custom":"no","name":"datasets[*].entity_defs[*].id","description":"The Datasets entity defs ID","type":"string","sampleValue":"cf4bc75aa1520a27"},"datasets[*].limited_access":{"method":{"GET":{"response":true,"name":"GET"}},"displayName":"Datasets limited access","nativeType":"boolean","custom":"no","name":"datasets[*].limited_access","description":"The Datasets limited access","type":"boolean","sampleValue":false},"datasets[*].general_fields[*].field_type_id":{"method":{"GET":{"response":true,"name":"GET"}},"displayName":"Datasets general fields field type ID","nativeType":"string","custom":"no","name":"datasets[*].general_fields[*].field_type_id","description":"The Datasets general fields field type ID","type":"string","sampleValue":"118a9d733dc54216"},"datasets[*].has_sentiment":{"method":{"GET":{"response":true,"name":"GET"}},"displayName":"Datasets has sentiment","nativeType":"boolean","custom":"no","name":"datasets[*].has_sentiment","description":"The Datasets has sentiment","type":"boolean","sampleValue":false},"datasets[*].general_fields[*].field_id":{"method":{"GET":{"response":true,"name":"GET"}},"displayName":"Datasets general fields field ID","nativeType":"string","custom":"no","name":"datasets[*].general_fields[*].field_id","description":"The Datasets general fields field ID","type":"string","sampleValue":"8a2504026a22741e"},"datasets[*].entity_defs[*].color":{"method":{"GET":{"response":true,"name":"GET"}},"displayName":"Datasets entity defs color","nativeType":"integer","custom":"no","name":"datasets[*].entity_defs[*].color","format":"int64","description":"The Datasets entity defs color","type":"integer","sampleValue":0},"datasets[*].entity_defs[*].name":{"method":{"GET":{"response":true,"name":"GET"}},"displayName":"Datasets entity defs name","nativeType":"string","custom":"no","name":"datasets[*].entity_defs[*].name","description":"The Datasets entity defs name","type":"string","sampleValue":"application-name"},"datasets[*].source_ids[*]":{"method":{"GET":{"response":true,"name":"GET"}},"displayName":"Datasets source IDs","nativeType":"string","custom":"no","name":"datasets[*].source_ids[*]","description":"The Datasets source IDs","type":"string","sampleValue":"9fe1dcdb2c8049dd"},"datasets[*].title":{"method":{"GET":{"response":true,"name":"GET"}},"displayName":"Datasets title","nativeType":"string","custom":"no","name":"datasets[*].title","description":"The Datasets title","type":"string","sampleValue":"IT Support Helpdesk - GOLDEN COPY"},"status":{"method":{"GET":{"response":true,"name":"GET"}},"displayName":"Status","nativeType":"string","custom":"no","name":"status","description":"The Status","type":"string","sampleValue":"ok"}},"resources":[{"path":"/datasets","vendorPath":"/datasets","method":"GET","vendorMethod":"GET","description":"Search for Datasets","type":"api","rootKey":"","parameters":[],"hooks":[],"standardResourceName":"datasets","curated":{"name":"ListDatasets","displayName":"List Datasets","description":"List available pinned models"},"operation":"List"}],"isPriority":false,"isHidden":false}