{"name":"datasets::labellers::predict","path":"/datasets/{project}/{dataset}/labellers/{version}/predict","type":"standard","subType":"standard","category":"","elementKey":"design-jdautghcbqxb-communicationsminingapi","displayName":"Predict","section":"","custom":"no","deleted":false,"metadata":{"method":{"POST":{"path":"/datasets/{project}/{dataset}/labellers/{version}/predict","method":"POST","curated":{"name":"PredictMessage","displayName":"Predict Message","description":"Generates a prediction for a message"},"description":"Create a Predict","operationId":"createDatasetLabellerPredict","operation":"Create","parameters":[{"name":"version","type":"path","description":"The version","required":true,"dataType":"string","defaultValue":"3","displayName":"version","curated":false,"sortOrder":0},{"name":"dataset","type":"path","description":"The dataset","required":true,"dataType":"string","defaultValue":"farmers-dataset","displayName":"dataset","curated":false,"sortOrder":0},{"name":"project","type":"path","description":"The project","required":true,"dataType":"string","defaultValue":"farmers-poc","displayName":"project","curated":false,"sortOrder":0}]}}},"fields":{"documents[*].user_properties":{"method":{"POST":{"request":true,"name":"POST"}},"displayName":"Documents user properties","nativeType":"object","custom":"no","name":"documents[*].user_properties","description":"The Documents user properties","type":"object","sampleValue":{},"key":"documents[*].user_properties"},"documents[*].messages[*].to[*]":{"method":{"POST":{"request":true,"name":"POST","required":true,"requestCurated":false}},"displayName":"To","nativeType":"string","custom":"no","name":"documents[*].messages[*].to[*]","description":"The Documents messages to","type":"string","sampleValue":"name","key":"documents[*].messages[*].to[*]","design":{}},"documents[*].messages[*].subject.text":{"method":{"POST":{"request":true,"name":"POST","required":true,"requestCurated":false}},"displayName":"Subject","nativeType":"string","custom":"no","name":"documents[*].messages[*].subject.text","description":"The Documents messages subject text","type":"string","sampleValue":"[EXTERNAL] Address Correction","design":{},"key":"documents[*].messages[*].subject.text"},"documents[*].timestamp":{"method":{"POST":{"request":true,"name":"POST","required":false,"requestCurated":false}},"displayName":"Message Timestamp","nativeType":"string","custom":"no","name":"documents[*].timestamp","format":"date-time","description":"The Documents timestamp","type":"string","sampleValue":"2023-08-15T10:41:00.423","mask":"yyyy-MM-dd'T'HH:mm:ss.SSS","key":"documents[*].timestamp","design":{"position":"secondary"}},"documents[*].messages[*].sent_at":{"method":{"POST":{"request":true,"name":"POST","required":false,"requestCurated":false}},"displayName":"Sent At","nativeType":"string","custom":"no","name":"documents[*].messages[*].sent_at","format":"date-time","description":"The Documents messages sent at","type":"string","sampleValue":"2023-08-15T10:41:00.423","mask":"yyyy-MM-dd'T'HH:mm:ss.SSS","key":"documents[*].messages[*].sent_at","design":{"position":"secondary"}},"documents[*].messages[*].body.text":{"method":{"POST":{"request":true,"name":"POST","required":true,"requestCurated":false}},"displayName":"Body","nativeType":"string","custom":"no","name":"documents[*].messages[*].body.text","description":"The Documents messages body text","type":"string","sampleValue":"USE CAUTION: This message originates from a sender you have not previously corresponded with. If in doubt, report. Hello, My policy number is A32423234. The address on my renter's insurance is incorrect. It should look like:  123.Robberson Ave. Apt. A308 Springfield, MO 22345. Can this address also be updated for my auto policy? Thanks, Bethany Smith","design":{},"key":"documents[*].messages[*].body.text"},"documents[*].messages[*].from":{"method":{"POST":{"request":true,"name":"POST","required":true,"requestCurated":false}},"displayName":"From","nativeType":"string","custom":"no","name":"documents[*].messages[*].from","description":"The Documents messages from","type":"string","sampleValue":"bethany8809@gmail.com","key":"documents[*].messages[*].from","design":{}}},"resources":[{"path":"/datasets/{project}/{dataset}/labellers/{version}/predict","vendorPath":"/datasets/{project}/{dataset}/labellers/{version}/predict","method":"POST","vendorMethod":"POST","description":"Create a Predict","type":"api","rootKey":"","parameters":[{"vendorName":"dataset","vendorType":"path","name":"dataset","type":"path","description":"The dataset","required":true,"dataType":"string","vendorDataType":"string","source":"request","defaultValue":"farmers-dataset","displayName":"dataset","curated":false,"sortOrder":0},{"vendorName":"body","vendorType":"body","name":"body","type":"body","description":"The object body","required":true,"dataType":"requestBody","vendorDataType":"responseBody","source":"request","displayName":"body","curated":false,"sortOrder":0},{"vendorName":"version","vendorType":"path","name":"version","type":"path","description":"The version","required":true,"dataType":"string","vendorDataType":"string","source":"request","value":"4","defaultValue":"3","displayName":"version","curated":false,"sortOrder":0},{"vendorName":"project","vendorType":"path","name":"project","type":"path","description":"The project","required":true,"dataType":"string","vendorDataType":"string","source":"request","defaultValue":"farmers-poc","displayName":"project","curated":false,"sortOrder":0}],"hooks":[],"standardResourceName":"datasets::labellers::predict","curated":{"name":"PredictMessage","displayName":"Predict Message","description":"Generates a prediction for a message"},"operation":"Create"}],"isPriority":false,"isHidden":false}