{"name":"Communications Mining API","key":"design-jdautghcbqxb-communicationsminingapi","description":"Communications Mining API connector","image":"https://connector-images.es-useast-prod-0.aws-usep.cloudelements.app/11a5b7a7-a1cc-4d80-9784-c3b400d08492.png","protocolType":"http","deleted":false,"hide":false,"authentication":{"type":"personalAccessToken"},"configuration":[{"name":"Event notification basic user name","key":"event.notification.basic.username","description":"Event notification basic user name","deleted":false,"required":false,"type":"TEXTFIELD_128","displayOrder":1000,"hide":false,"groupControl":false,"configLevel":"CONNECTION","internal":false},{"name":"Synchronous Bulk Notification","key":"synchronous.bulk.notification","description":"Enables synchronous bulk callback notification","defaultValue":"true","deleted":false,"required":false,"type":"BOOLEAN","displayOrder":1000,"hide":true,"groupControl":false,"configLevel":"CONNECTION","internal":false},{"name":"Event notification basic password","key":"event.notification.basic.password","description":"Event notification basic password","deleted":false,"required":false,"type":"PASSWORD","displayOrder":1000,"hide":true,"groupControl":false,"configLevel":"CONNECTION","internal":false},{"name":"Connection Identity Lookup Key","key":"connection.identity.lookup.key","description":"A JSON path type string value, possibly with dot notation. Helps to retrieve the connection identity while provisioning, then stored on element instance.  For example 'data.email' or 'email'","defaultValue":"config.connection.name","deleted":false,"required":false,"type":"TEXTFIELD_1000","displayOrder":1000,"hide":true,"groupControl":false,"configLevel":"CONNECTION","internal":false},{"name":"Instance Variables","key":"instance.variables","description":"Instance Variables","deleted":false,"required":false,"type":"CODE_EDITOR","displayOrder":1000,"hide":true,"groupControl":false,"configLevel":"CONNECTION","internal":false},{"name":"Pagination type","key":"pagination.type","description":"Pagination type","defaultValue":"no_pagination","deleted":false,"required":false,"type":"TEXTFIELD_32","displayOrder":1,"hide":false,"groupControl":false,"configScreenType":"none","configLevel":"CONNECTION","internal":false},{"name":"Filter null values from the response","key":"filter.response.nulls","description":"Used to enable/disable filtering of null values from the responses","defaultValue":"true","deleted":false,"required":false,"type":"BOOLEAN","displayOrder":1000,"hide":true,"groupControl":false,"configLevel":"CONNECTION","internal":false},{"name":"Event poller refresh interval","key":"event.poller.refresh_interval","description":"Set time interval for polling vendor application (in minutes)","defaultValue":"15","deleted":false,"required":false,"type":"TEXTFIELD_32","displayOrder":1000,"hide":true,"groupControl":false,"configLevel":"CONNECTION","internal":false},{"name":"Event notification callback headers","key":"event.notification.callback.headers","description":"Event notification callback headers","deleted":false,"required":false,"type":"TEXTFIELD_128","displayOrder":1000,"hide":true,"groupControl":false,"configLevel":"CONNECTION","internal":false},{"name":"Event notification signature key","key":"event.notification.signature.key","description":"Event notification signature key","deleted":false,"required":false,"type":"TEXTFIELD_128","displayOrder":1000,"hide":true,"groupControl":false,"configLevel":"CONNECTION","internal":false},{"name":"tenant","key":"tenant","description":"Tenant Name","defaultValue":"","deleted":false,"required":true,"type":"TEXTFIELD_1000","displayOrder":1,"hide":false,"groupControl":false,"configScreenType":"pre","configLevel":"CONNECTION","internal":false,"design":{"delimiter":"","enableUserOverride":false}},{"name":"Personal access token","key":"personal.access.token","description":"Example personal access token authorization header","defaultValue":"Bearer mytoken","deleted":false,"required":true,"type":"TEXTFIELD_1000","displayOrder":99,"hide":false,"groupControl":false,"configScreenType":"pre","configLevel":"CONNECTION","internal":false},{"name":"Pagination","key":"pagination","description":"Pagination","defaultValue":"{\"minPageSize\":1,\"maxPageSize\":200,\"defaultPageSize\":200}","deleted":false,"required":false,"type":"TEXTFIELD_32","displayOrder":1,"hide":false,"groupControl":false,"configScreenType":"none","configLevel":"CONNECTION","internal":false},{"name":"Event poller resources configuration","key":"event.poller.configuration","description":"Event poller resources configuration","defaultValue":"{}","deleted":false,"required":false,"type":"TEXTAREA","displayOrder":1000,"hide":true,"groupControl":false,"configLevel":"CONNECTION","internal":false},{"name":"Base URL","key":"base.url","description":"Base URL","defaultValue":"https://cloud.uipath.com/{org}/{tenant}/reinfer_/api/v1","deleted":false,"required":false,"type":"TEXTFIELD_1000","displayOrder":1,"hide":true,"groupControl":false,"configLevel":"CONNECTION","internal":false},{"name":"Default select fields","key":"default.select.fields.map","description":"Generic map used to specify default fields for bulk download and GET /all requests. Each key should be the canonical objectName and values may be specified as a comma-delimited string or a list of strings","deleted":false,"required":false,"type":"TEXTAREA","displayOrder":1000,"hide":true,"groupControl":false,"configLevel":"CONNECTION","internal":false},{"name":"Event notifications enable","key":"event.notification.enabled","description":"Event notifications enable","defaultValue":"false","deleted":false,"required":false,"type":"BOOLEAN","displayOrder":1000,"hide":true,"groupControl":false,"configLevel":"CONNECTION","internal":false},{"name":"Connection name","key":"connection.name","description":"Connection name","defaultValue":"Communications Mining API","deleted":false,"required":false,"type":"TEXTFIELD_1000","displayOrder":1000,"hide":false,"groupControl":false,"configLevel":"CONNECTION","internal":false},{"name":"Max page size (or limit)","key":"pagination.max","description":"The maximum number of records the API provider returns in a response","defaultValue":"100","deleted":false,"required":false,"type":"TEXTFIELD_32","displayOrder":1,"hide":false,"groupControl":false,"configScreenType":"none","configLevel":"CONNECTION","internal":false},{"name":"org","key":"org","description":"Name of UiPath Cloud Org","defaultValue":"","deleted":false,"required":true,"type":"TEXTFIELD_1000","displayOrder":1,"hide":false,"groupControl":false,"configScreenType":"pre","configLevel":"CONNECTION","internal":false,"design":{"delimiter":"","enableUserOverride":false}}],"resources":[{"path":"/datasets/{project}/{dataset}/labellers/{version}/predict","vendorPath":"/datasets/{project}/{dataset}/labellers/{version}/predict","method":"POST","vendorMethod":"POST","description":"Create a Predict","type":"api","rootKey":"","parameters":[{"vendorName":"dataset","vendorType":"path","name":"dataset","type":"path","description":"The dataset","required":true,"dataType":"string","vendorDataType":"string","source":"request","defaultValue":"farmers-dataset","displayName":"dataset","curated":false,"sortOrder":0},{"vendorName":"body","vendorType":"body","name":"body","type":"body","description":"The object body","required":true,"dataType":"requestBody","vendorDataType":"responseBody","source":"request","displayName":"body","curated":false,"sortOrder":0},{"vendorName":"version","vendorType":"path","name":"version","type":"path","description":"The version","required":true,"dataType":"string","vendorDataType":"string","source":"request","value":"4","defaultValue":"3","displayName":"version","curated":false,"sortOrder":0},{"vendorName":"project","vendorType":"path","name":"project","type":"path","description":"The project","required":true,"dataType":"string","vendorDataType":"string","source":"request","defaultValue":"farmers-poc","displayName":"project","curated":false,"sortOrder":0}],"hooks":[],"standardResourceName":"datasets::labellers::predict","curated":{"name":"PredictMessage","displayName":"Predict Message","description":"Generates a prediction for a message"},"operation":"Create"},{"path":"/datasets","vendorPath":"/datasets","method":"GET","vendorMethod":"GET","description":"Search for Datasets","type":"api","rootKey":"","parameters":[],"hooks":[],"standardResourceName":"datasets","curated":{"name":"ListDatasets","displayName":"List Datasets","description":"List available pinned models"},"operation":"List"}],"parameters":[{"vendorName":"Content-Type","vendorType":"header","name":"application/json","type":"value","description":"The Content-Type header"},{"vendorName":"org","vendorType":"path","name":"org","type":"configuration","description":"Name of UiPath Cloud Org"},{"vendorName":"Authorization","vendorType":"header","name":"personal.access.token","type":"configuration","description":"The personal access token header"},{"vendorName":"Accept","vendorType":"header","name":"application/json","type":"value","description":"The Accept header"},{"vendorName":"tenant","vendorType":"path","name":"tenant","type":"configuration","description":"Tenant Name"}],"hooks":[],"latestVersion":"1.4.0","latestVersionDate":"2024-07-12T20:56:06Z","applicationName":"communicationsminingapi","vendorName":"uipathstgss","importSource":"BLANK","pagination":{"minPageSize":1,"maxPageSize":200,"defaultPageSize":100,"pageSizeVendorType":"query","pageVendorType":"query","nextPageVendorType":"query"},"active":true,"beta":false,"bulkDownloadEnabled":false,"bulkUploadEnabled":false,"cloneable":true,"displayOrder":100,"extendable":true,"extended":false,"hub":"general","logo":"https://connector-images.es-useast-prod-0.aws-usep.cloudelements.app/11a5b7a7-a1cc-4d80-9784-c3b400d08492.png","oauthRefreshTokenRefreshInterval":0,"paginatorVersion":"V3","trialAccount":false,"typeOauth":false,"useModelsForMetadata":false,"dirty":false}