{
  "name" : "Communications Mining API",
  "key" : "design-jdautghcbqxb-communicationsminingapi",
  "description" : "Communications Mining API connector",
  "hasCustomObjectDiscovery" : false,
  "hasCustomFieldDiscovery" : false,
  "hasObjectDiscovery" : false,
  "hasFieldDiscovery" : false,
  "hasExtensions" : false,
  "hasNativeDiscovery" : false,
  "vendorAPIType" : "REST",
  "appName" : "communicationsminingapi",
  "vendorName" : "uipathstgss",
  "lifecycleStage" : "PREVIEW",
  "discoveryType" : "static",
  "tags" : "custom",
  "hasEvents" : false,
  "activityColor" : "#E56D5C",
  "dapCompatible" : true,
  "isActive" : true,
  "isPrivate" : false
}